text,summary,subject,topic,cleaned_text,cleaned_summary
Cells are the basic building blocks of life.,Summary of Biology (Easy).,Science,Biology,cells are the basic building blocks of life,summary of biology easy
"Cellular respiration is a set of metabolic reactions and processes that take place in the cells of organisms to convert biochemical energy from nutrients into adenosine triphosphate (ATP), and then release waste products. This concept is fundamental to understanding the broader implications of the field. It requires a deep analysis of key factors, including historical context, theoretical frameworks, and practical applications. Experts have debated this for decades, leading to various interpretations and complex models that attempt to explain the phenomenon in detail.",Summary of Biology (Medium).,Science,Biology,cellular respiration is a set of metabolic reactions and processes that take place in the cells of organisms to convert biochemical energy from nutrients into adenosine triphosphate atp and then release waste products this concept is fundamental to understanding the broader implications of the field it requires a deep analysis of key factors including historical context theoretical frameworks and practical applications experts have debated this for decades leading to various interpretations and complex models that attempt to explain the phenomenon in detail,summary of biology medium
Gravity pulls objects towards the earth.,Summary of Physics (Easy).,Science,Physics,gravity pulls objects towards the earth,summary of physics easy
"General relativity generalizes special relativity and refines Newton's law of universal gravitation, providing a unified description of gravity as a geometric property of space and time or spacetime. This concept is fundamental to understanding the broader implications of the field. It requires a deep analysis of key factors, including historical context, theoretical frameworks, and practical applications. Experts have debated this for decades, leading to various interpretations and complex models that attempt to explain the phenomenon in detail.",Summary of Physics (Medium).,Science,Physics,general relativity generalizes special relativity and refines newtons law of universal gravitation providing a unified description of gravity as a geometric property of space and time or spacetime this concept is fundamental to understanding the broader implications of the field it requires a deep analysis of key factors including historical context theoretical frameworks and practical applications experts have debated this for decades leading to various interpretations and complex models that attempt to explain the phenomenon in detail,summary of physics medium
Algebra uses letters to represent numbers in equations.,Summary of Algebra (Easy).,Math,Algebra,algebra uses letters to represent numbers in equations,summary of algebra easy
"Abstract algebra is the study of algebraic structures. Algebraic structures include groups, rings, fields, modules, vector spaces, lattices, and algebras. The term abstract algebra was coined in the early 20th century to distinguish this area of study from older parts of algebra. This concept is fundamental to understanding the broader implications of the field. It requires a deep analysis of key factors, including historical context, theoretical frameworks, and practical applications. Experts have debated this for decades, leading to various interpretations and complex models that attempt to explain the phenomenon in detail.",Summary of Algebra (Medium).,Math,Algebra,abstract algebra is the study of algebraic structures algebraic structures include groups rings fields modules vector spaces lattices and algebras the term abstract algebra was coined in the early 20th century to distinguish this area of study from older parts of algebra this concept is fundamental to understanding the broader implications of the field it requires a deep analysis of key factors including historical context theoretical frameworks and practical applications experts have debated this for decades leading to various interpretations and complex models that attempt to explain the phenomenon in detail,summary of algebra medium
A triangle has three sides and three angles.,Summary of Geometry (Easy).,Math,Geometry,a triangle has three sides and three angles,summary of geometry easy
"Non-Euclidean geometry consists of two geometries based on axioms closely related to those specifying Euclidean geometry. As Euclidean geometry lies at the intersection of metric geometry and affine geometry, non-Euclidean geometry arises when either the metric requirement is relaxed, or the parallel postulate is replaced with an alternative one. This concept is fundamental to understanding the broader implications of the field. It requires a deep analysis of key factors, including historical context, theoretical frameworks, and practical applications. Experts have debated this for decades, leading to various interpretations and complex models that attempt to explain the phenomenon in detail.",Summary of Geometry (Medium).,Math,Geometry,noneuclidean geometry consists of two geometries based on axioms closely related to those specifying euclidean geometry as euclidean geometry lies at the intersection of metric geometry and affine geometry noneuclidean geometry arises when either the metric requirement is relaxed or the parallel postulate is replaced with an alternative one this concept is fundamental to understanding the broader implications of the field it requires a deep analysis of key factors including historical context theoretical frameworks and practical applications experts have debated this for decades leading to various interpretations and complex models that attempt to explain the phenomenon in detail,summary of geometry medium
World War II was a global war that lasted from 1939 to 1945.,Summary of World War II (Easy).,History,World War II,world war ii was a global war that lasted from 1939 to 1945,summary of world war ii easy
"The causes of World War II were debated in the context of the rise of fascism in Europe, the aggressive expansionism of Nazi Germany and the Empire of Japan, and the failure of the League of Nations to prevent conflict. It involved the vast majority of the world's countriesâincluding all of the great powersâforming two opposing military alliances: the Allies and the Axis. This concept is fundamental to understanding the broader implications of the field. It requires a deep analysis of key factors, including historical context, theoretical frameworks, and practical applications. Experts have debated this for decades, leading to various interpretations and complex models that attempt to explain the phenomenon in detail.",Summary of World War II (Medium).,History,World War II,the causes of world war ii were debated in the context of the rise of fascism in europe the aggressive expansionism of nazi germany and the empire of japan and the failure of the league of nations to prevent conflict it involved the vast majority of the worlds countriesincluding all of the great powersforming two opposing military alliances the allies and the axis this concept is fundamental to understanding the broader implications of the field it requires a deep analysis of key factors including historical context theoretical frameworks and practical applications experts have debated this for decades leading to various interpretations and complex models that attempt to explain the phenomenon in detail,summary of world war ii medium
Rome was a powerful empire in ancient times.,Summary of Ancient Rome (Easy).,History,Ancient Rome,rome was a powerful empire in ancient times,summary of ancient rome easy
"The Roman Empire was the post-Republican period of ancient Rome. As a polity it included large territorial holdings around the Mediterranean Sea in Europe, North Africa, and Western Asia ruled by emperors. From the accession of Caesar Augustus to the military anarchy of the 3rd century, it was a principate with Italy as the metropole of the provinces and the city of Rome as the sole capital. This concept is fundamental to understanding the broader implications of the field. It requires a deep analysis of key factors, including historical context, theoretical frameworks, and practical applications. Experts have debated this for decades, leading to various interpretations and complex models that attempt to explain the phenomenon in detail.",Summary of Ancient Rome (Medium).,History,Ancient Rome,the roman empire was the postrepublican period of ancient rome as a polity it included large territorial holdings around the mediterranean sea in europe north africa and western asia ruled by emperors from the accession of caesar augustus to the military anarchy of the 3rd century it was a principate with italy as the metropole of the provinces and the city of rome as the sole capital this concept is fundamental to understanding the broader implications of the field it requires a deep analysis of key factors including historical context theoretical frameworks and practical applications experts have debated this for decades leading to various interpretations and complex models that attempt to explain the phenomenon in detail,summary of ancient rome medium
Prices go up when demand is high and supply is low.,Summary of Supply & Demand (Easy).,Economics,Supply & Demand,prices go up when demand is high and supply is low,summary of supply  demand easy
"In microeconomics, supply and demand is an economic model of price determination in a market. It postulates that, holding all else equal, in a competitive market, the unit price for a particular good, or other traded item such as labor or liquid financial assets, will vary until it settles at a point where the quantity demanded (at the current price) will equal the quantity supplied (at the current price), resulting in an economic equilibrium for price and quantity transacted. This concept is fundamental to understanding the broader implications of the field. It requires a deep analysis of key factors, including historical context, theoretical frameworks, and practical applications. Experts have debated this for decades, leading to various interpretations and complex models that attempt to explain the phenomenon in detail.",Summary of Supply & Demand (Medium).,Economics,Supply & Demand,in microeconomics supply and demand is an economic model of price determination in a market it postulates that holding all else equal in a competitive market the unit price for a particular good or other traded item such as labor or liquid financial assets will vary until it settles at a point where the quantity demanded at the current price will equal the quantity supplied at the current price resulting in an economic equilibrium for price and quantity transacted this concept is fundamental to understanding the broader implications of the field it requires a deep analysis of key factors including historical context theoretical frameworks and practical applications experts have debated this for decades leading to various interpretations and complex models that attempt to explain the phenomenon in detail,summary of supply  demand medium
Inflation means things get more expensive over time.,Summary of Inflation (Easy).,Economics,Inflation,inflation means things get more expensive over time,summary of inflation easy
"Inflation is a quantitative measure of the rate at which the average price level of a basket of selected goods and services in an economy increases over some period of time. It is the rise in the general level of prices where a unit of currency generally buys fewer goods and services. Consequently, inflation reflects a reduction in the purchasing power per unit of money â a loss of real value in the medium of exchange and unit of account within the economy. This concept is fundamental to understanding the broader implications of the field. It requires a deep analysis of key factors, including historical context, theoretical frameworks, and practical applications. Experts have debated this for decades, leading to various interpretations and complex models that attempt to explain the phenomenon in detail.",Summary of Inflation (Medium).,Economics,Inflation,inflation is a quantitative measure of the rate at which the average price level of a basket of selected goods and services in an economy increases over some period of time it is the rise in the general level of prices where a unit of currency generally buys fewer goods and services consequently inflation reflects a reduction in the purchasing power per unit of money  a loss of real value in the medium of exchange and unit of account within the economy this concept is fundamental to understanding the broader implications of the field it requires a deep analysis of key factors including historical context theoretical frameworks and practical applications experts have debated this for decades leading to various interpretations and complex models that attempt to explain the phenomenon in detail,summary of inflation medium
Cognitive dissonance is feeling bad about conflicting beliefs.,Summary of Cognitive Dissonance (Easy).,Psychology,Cognitive Dissonance,cognitive dissonance is feeling bad about conflicting beliefs,summary of cognitive dissonance easy
"In the field of psychology, cognitive dissonance occurs when a person holds contradictory beliefs, ideas, or values, and is typically experienced as psychological stress when they participate in an action that goes against one or more of them. According to this theory, when two actions or ideas are not psychologically consistent with each other, people do all in their power to change them until they become consistent. This concept is fundamental to understanding the broader implications of the field. It requires a deep analysis of key factors, including historical context, theoretical frameworks, and practical applications. Experts have debated this for decades, leading to various interpretations and complex models that attempt to explain the phenomenon in detail.",Summary of Cognitive Dissonance (Medium).,Psychology,Cognitive Dissonance,in the field of psychology cognitive dissonance occurs when a person holds contradictory beliefs ideas or values and is typically experienced as psychological stress when they participate in an action that goes against one or more of them according to this theory when two actions or ideas are not psychologically consistent with each other people do all in their power to change them until they become consistent this concept is fundamental to understanding the broader implications of the field it requires a deep analysis of key factors including historical context theoretical frameworks and practical applications experts have debated this for decades leading to various interpretations and complex models that attempt to explain the phenomenon in detail,summary of cognitive dissonance medium
Behaviorism studies observable actions.,Summary of Behaviorism (Easy).,Psychology,Behaviorism,behaviorism studies observable actions,summary of behaviorism easy
"Behaviorism (or behaviourism) is a systematic approach to understanding the behavior of humans and other animals. It assumes that behavior is either a reflex evoked by the pairing of certain antecedent stimuli in the environment, or a consequence of that individual's history, including especially reinforcement and punishment contingencies, together with the individual's current motivational state and controlling stimuli. This concept is fundamental to understanding the broader implications of the field. It requires a deep analysis of key factors, including historical context, theoretical frameworks, and practical applications. Experts have debated this for decades, leading to various interpretations and complex models that attempt to explain the phenomenon in detail.",Summary of Behaviorism (Medium).,Psychology,Behaviorism,behaviorism or behaviourism is a systematic approach to understanding the behavior of humans and other animals it assumes that behavior is either a reflex evoked by the pairing of certain antecedent stimuli in the environment or a consequence of that individuals history including especially reinforcement and punishment contingencies together with the individuals current motivational state and controlling stimuli this concept is fundamental to understanding the broader implications of the field it requires a deep analysis of key factors including historical context theoretical frameworks and practical applications experts have debated this for decades leading to various interpretations and complex models that attempt to explain the phenomenon in detail,summary of behaviorism medium
The Renaissance was a time of great art in Europe.,Summary of Renaissance (Easy).,Art,Renaissance,the renaissance was a time of great art in europe,summary of renaissance easy
"The Renaissance is a period in European history marking the transition from the Middle Ages to modernity and covering the 15th and 16th centuries. It occurred after the Crisis of the Late Middle Ages and was associated with great social change. In addition to the standard periodization, proponents of a long Renaissance put its beginning in the 14th century and its end in the 17th century. This concept is fundamental to understanding the broader implications of the field. It requires a deep analysis of key factors, including historical context, theoretical frameworks, and practical applications. Experts have debated this for decades, leading to various interpretations and complex models that attempt to explain the phenomenon in detail.",Summary of Renaissance (Medium).,Art,Renaissance,the renaissance is a period in european history marking the transition from the middle ages to modernity and covering the 15th and 16th centuries it occurred after the crisis of the late middle ages and was associated with great social change in addition to the standard periodization proponents of a long renaissance put its beginning in the 14th century and its end in the 17th century this concept is fundamental to understanding the broader implications of the field it requires a deep analysis of key factors including historical context theoretical frameworks and practical applications experts have debated this for decades leading to various interpretations and complex models that attempt to explain the phenomenon in detail,summary of renaissance medium
Impressionism used small brush strokes to show light.,Summary of Impressionism (Easy).,Art,Impressionism,impressionism used small brush strokes to show light,summary of impressionism easy
"Impressionism was a 19th-century art movement characterized by relatively small, thin, yet visible brush strokes, open composition, emphasis on accurate depiction of light in its changing qualities (often accentuating the effects of the passage of time), ordinary subject matter, inclusion of movement as a crucial element of human perception and experience, and unusual visual angles. This concept is fundamental to understanding the broader implications of the field. It requires a deep analysis of key factors, including historical context, theoretical frameworks, and practical applications. Experts have debated this for decades, leading to various interpretations and complex models that attempt to explain the phenomenon in detail.",Summary of Impressionism (Medium).,Art,Impressionism,impressionism was a 19thcentury art movement characterized by relatively small thin yet visible brush strokes open composition emphasis on accurate depiction of light in its changing qualities often accentuating the effects of the passage of time ordinary subject matter inclusion of movement as a crucial element of human perception and experience and unusual visual angles this concept is fundamental to understanding the broader implications of the field it requires a deep analysis of key factors including historical context theoretical frameworks and practical applications experts have debated this for decades leading to various interpretations and complex models that attempt to explain the phenomenon in detail,summary of impressionism medium
"The periodic table is a tabular display of the chemical elements, which are arranged by atomic number, electron configuration, and recurring chemical properties.",Summary of Chemistry (Easy).,Science,Chemistry,the periodic table is a tabular display of the chemical elements arranged by atomic number,summary of chemistry easy
Covalent bonding is a chemical bond that involves the sharing of electron pairs between atoms.,Summary of Chemistry (Medium).,Science,Chemistry,covalent bonding is a chemical bond that involves the sharing of electron pairs between atoms,summary of chemistry medium
"In quantum mechanics, the uncertainty principle asserts a fundamental limit to the precision with which certain pairs of physical properties of a particle, known as complementary variables, can be known.",Summary of Physics (Hard).,Science,Physics,in quantum mechanics the uncertainty principle asserts a fundamental limit to the precision with which certain pairs of physical properties can be known,summary of physics hard
The French Revolution was a period of far-reaching social and political upheaval in France and its colonies beginning in 1789.,Summary of History (Easy).,History,French Revolution,the french revolution was a period of farreaching social and political upheaval in france beginning in 1789,summary of history easy
"The Cold War was a period of geopolitical tension between the Soviet Union and the United States and their respective allies, the Eastern Bloc and the Western Bloc, after World War II.",Summary of History (Medium).,History,Cold War,the cold war was a period of geopolitical tension between the soviet union and the united states after world war ii,summary of history medium
"Python is an interpreted, high-level and general-purpose programming language. Its design philosophy emphasizes code readability with the use of significant indentation.",Summary of CS (Easy).,Computer Science,Python,python is an interpreted highlevel and generalpurpose programming language emphasizing code readability,summary of cs easy
"Object-oriented programming (OOP) is a programming paradigm based on the concept of objects, which can contain data and code: data in the form of fields, and code in the form of procedures.",Summary of CS (Medium).,Computer Science,OOP,objectoriented programming oop is a programming paradigm based on the concept of objects containing data and code,summary of cs medium
Artificial Intelligence (AI) refers to the simulation of human intelligence in machines that are programmed to think like humans and mimic their actions.,Summary of AI (Easy).,Computer Science,Artificial Intelligence,artificial intelligence ai refers to the simulation of human intelligence in machines,summary of ai easy
Machine learning is a subset of artificial intelligence that involves training algorithms to learn from and make predictions based on data.,Summary of AI (Medium).,Computer Science,Machine Learning,machine learning is a subset of ai that involves training algorithms to learn from data,summary of ai medium
Deep learning is a subset of machine learning based on artificial neural networks with representation learning.,Summary of AI (Hard).,Computer Science,Deep Learning,deep learning is a subset of machine learning based on artificial neural networks,summary of ai hard
"Calculus is the mathematical study of continuous change, in the same way that geometry is the study of shape and algebra is the study of generalizations of arithmetic operations.",Summary of Math (Easy).,Math,Calculus,calculus is the mathematical study of continuous change,summary of math easy
A derivative helps us know the changing rate of a quantity (function) with respect to another variable.,Summary of Math (Medium).,Math,Calculus,a derivative helps us know the changing rate of a function with respect to another variable,summary of math medium
"William Shakespeare was an English playwright, poet, and actor, widely regarded as the greatest writer in the English language and the world's greatest dramatist.",Summary of Lit (Easy).,Literature,Shakespeare,william shakespeare was an english playwright poet and actor regarded as the greatest writer in the english language,summary of lit easy
"Beowulf is an Old English epic poem consisting of 3,182 alliterative lines. It is one of the most important works of Old English literature.",Summary of Lit (Medium).,Literature,Old English,beowulf is an old english epic poem consisting of 3182 alliterative lines important work of old english literature,summary of lit medium
Plate tectonics is a scientific theory describing the large-scale motion of seven large plates and the movements of a larger number of smaller plates of the Earth's lithosphere.,Summary of Geo (Medium).,Science,Geology,plate tectonics is a scientific theory describing the largescale motion of earth's lithosphere plates,summary of geo medium
The Big Bang theory is the prevailing cosmological model for the observable universe from the earliest known periods through its subsequent large-scale evolution.,Summary of Science (Hard).,Science,Astronomy,the big bang theory is the prevailing cosmological model for the observable universe,summary of science hard
Supply chain management is the management of the flow of goods and services and includes all processes that transform raw materials into final products.,Summary of Econ (Medium).,Economics,Supply Chain,supply chain management is the management of the flow of goods and services transforming raw materials to products,summary of econ medium
Photosynthesis is the process used by plants to convert light energy into chemical energy.,Summary of Biology.,Science,Biology,photosynthesis is the process used by plants to convert light energy into chemical energy,summary of biology
Newton's three laws of motion describe the relationship between a body and the forces acting upon it.,Summary of Physics.,Science,Physics,newtons three laws of motion describe the relationship between a body and the forces acting upon it,summary of physics
The periodic table organizes chemical elements based on their atomic number.,Summary of Chemistry.,Science,Chemistry,the periodic table organizes chemical elements based on their atomic number,summary of chemistry
Calculus is the mathematical study of continuous change.,Summary of Calculus.,Math,Calculus,calculus is the mathematical study of continuous change,summary of calculus
Statistics is the discipline that concerns the collection organization analysis interpretation and presentation of data.,Summary of Statistics.,Math,Statistics,statistics is the discipline that concerns the collection organization analysis interpretation and presentation of data,summary of statistics
The Pythagorean theorem states that in a right-angled triangle the square of the hypotenuse side is equal to the sum of squares of the other two sides.,Summary of Geometry.,Math,Geometry,the pythagorean theorem states that in a rightangled triangle the square of the hypotenuse side is equal to the sum of squares of the other two sides,summary of geometry
The Industrial Revolution was a period of scientific and technological development that transformed rural societies into industrialized urban ones.,Summary of Industrial Revolution.,History,Industrial Revolution,the industrial revolution was a period of scientific and technological development that transformed rural societies into industrialized urban ones,summary of industrial revolution
The Cold War was a period of geopolitical tension between the United States and the Soviet Union.,Summary of Cold War.,History,Cold War,the cold war was a period of geopolitical tension between the united states and the soviet union,summary of cold war
The French Revolution led to the end of the monarchy in France and the rise of Napoleon.,Summary of French Revolution.,History,French Revolution,the french revolution led to the end of the monarchy in france and the rise of napoleon,summary of french revolution
Microeconomics analyzes the market behavior of individual consumers and firms.,Summary of Microeconomics.,Economics,Microeconomics,microeconomics analyzes the market behavior of individual consumers and firms,summary of microeconomics
Macroeconomics deals with the performance structure behavior and decision-making of an economy as a whole.,Summary of Macroeconomics.,Economics,Macroeconomics,macroeconomics deals with the performance structure behavior and decisionmaking of an economy as a whole,summary of macroeconomics
Game theory is the study of mathematical models of strategic interaction among rational decision-makers.,Summary of Game Theory.,Economics,Game Theory,game theory is the study of mathematical models of strategic interaction among rational decisionmakers,summary of game theory
Classical conditioning is a learning process that occurs through associations between an environmental stimulus and a naturally occurring stimulus.,Summary of Classical Conditioning.,Psychology,Classical Conditioning,classical conditioning is a learning process that occurs through associations between an environmental stimulus and a naturally occurring stimulus,summary of classical conditioning
Operant conditioning is a method of learning that employs rewards and punishments for behavior.,Summary of Operant Conditioning.,Psychology,Operant Conditioning,operant conditioning is a method of learning that employs rewards and punishments for behavior,summary of operant conditioning
Psychoanalysis is a set of theories and therapeutic techniques related to the study of the unconscious mind.,Summary of Psychoanalysis.,Psychology,Psychoanalysis,psychoanalysis is a set of theories and therapeutic techniques related to the study of the unconscious mind,summary of psychoanalysis
Surrealism was a cultural movement that developed in Europe in the aftermath of World War I.,Summary of Surrealism.,Art,Surrealism,surrealism was a cultural movement that developed in europe in the aftermath of world war i,summary of surrealism
Pop art is an art movement that emerged in the United Kingdom and the United States during the mid-to-late 1950s.,Summary of Pop Art.,Art,Pop Art,pop art is an art movement that emerged in the united kingdom and the united states during the midtolate 1950s,summary of pop art
Cubism is an early-20th-century avant-garde art movement that revolutionized European painting and sculpture.,Summary of Cubism.,Art,Cubism,cubism is an early20thcentury avantgarde art movement that revolutionized european painting and sculpture,summary of cubism
Algorithms are a sequence of instructions used to solve a problem or perform a computation.,Summary of Algorithms.,Computer Science,Algorithms,algorithms are a sequence of instructions used to solve a problem or perform a computation,summary of algorithms
Data structures are a way of organizing and storing data so that they can be accessed and worked with efficiently.,Summary of Data Structures.,Computer Science,Data Structures,data structures are a way of organizing and storing data so that they can be accessed and worked with efficiently,summary of data structures
Artificial intelligence is the simulation of human intelligence processes by machines namely computer systems.,Summary of AI.,Computer Science,AI,artificial intelligence is the simulation of human intelligence processes by machines namely computer systems,summary of ai
Shakespeare's plays are considered some of the greatest works in the English language.,Summary of Shakespeare.,Literature,Shakespeare,shakespeares plays are considered some of the greatest works in the english language,summary of shakespeare
Modernism in literature is characterized by a self-conscious break with traditional ways of writing.,Summary of Modernism.,Literature,Modernism,modernism in literature is characterized by a selfconscious break with traditional ways of writing,summary of modernism
The novel is a long narrative work of fiction usually written in prose.,Summary of Novel.,Literature,Novel,the novel is a long narrative work of fiction usually written in prose,summary of novel
DNA replcation is the process by which a double-stranded DNA molecule is copied to produce two identical DNA molecules.,Summary of Genetics.,Science,Genetics,dna replication is the process by which a doublestranded dna molecule is copied to produce two identical dna molecules,summary of genetics
The Big Bang theory is the prevailing cosmological model for the observable universe from the earliest known periods through its subsequent large-scale evolution.,Summary of Cosmology.,Science,Physics,the big bang theory is the prevailing cosmological model for the observable universe from the earliest known periods through its subsequent large scale evolution,summary of cosmology
Ecology is the branch of biology which studies the interactions among organisms and their environment.,Summary of Ecology.,Science,Biology,ecology is the branch of biology which studies the interactions among organisms and their environment,summary of ecology
Plate tectonics is a scientific theory describing the large-scale motion of seven large plates and the movements of a larger number of smaller plates of Earth's lithosphere.,Summary of Geology.,Science,Geology,plate tectonics is a scientific theory describing the largescale motion of seven large plates and the movements of a larger number of smaller plates of earths lithosphere,summary of geology
Thermodynamics is a branch of physics that deals with heat work and temperature and their relation to energy entropy and the physical properties of matter.,Summary of Thermodynamics.,Science,Physics,thermodynamics is a branch of physics that deals with heat work and temperature and their relation to energy entropy and the physical properties of matter,summary of thermodynamics
Organic chemistry is a subdiscipline within chemistry involving the scientific study of the structure properties and reactions of organic compounds and organic materials.,Summary of Organic Chemistry.,Science,Chemistry,organic chemistry is a subdiscipline within chemistry involving the scientific study of the structure properties and reactions of organic compounds and organic materials,summary of organic chemistry
Evolution is change in the heritable characteristics of biological populations over successive generations.,Summary of Evolution.,Science,Biology,evolution is change in the heritable characteristics of biological populations over successive generations,summary of evolution
Quantum mechanics is a fundamental theory in physics that provides a description of the physical properties of nature at the scale of atoms and subatomic particles.,Summary of Quantum Mechanics.,Science,Physics,quantum mechanics is a fundamental theory in physics that provides a description of the physical properties of nature at the scale of atoms and subatomic particles,summary of quantum mechanics
Linear algebra is the branch of mathematics concerning linear equations such as linear maps and their representations in vector spaces and through matrices.,Summary of Linear Algebra.,Math,Linear Algebra,linear algebra is the branch of mathematics concerning linear equations such as linear maps and their representations in vector spaces and through matrices,summary of linear algebra
Calculus II usually covers integration techniques sequences and series.,Summary of Calculus II.,Math,Calculus,calculus ii usually covers integration techniques sequences and series,summary of calculus ii
Probability theory is the branch of mathematics concerned with probability.,Summary of Probability.,Math,Probability,probability theory is the branch of mathematics concerned with probability,summary of probability
Number theory is a branch of pure mathematics devoted primarily to the study of the integers and integer-valued functions.,Summary of Number Theory.,Math,Number Theory,number theory is a branch of pure mathematics devoted primarily to the study of the integers and integervalued functions,summary of number theory
Topology is concerned with the properties of a geometric object that are preserved under continuous deformations such as stretching twisting crumpling and bending.,Summary of Topology.,Math,Topology,topology is concerned with the properties of a geometric object that are preserved under continuous deformations such as stretching twisting crumpling and bending,summary of topology
Differential equations involve equations that relate one or more functions and their derivatives.,Summary of Differential Equations.,Math,Differential Equations,differential equations involve equations that relate one or more functions and their derivatives,summary of differential equations
Combinatorics is an area of mathematics primarily concerned with counting both as a means and an end in obtaining results.,Summary of Combinatorics.,Math,Combinatorics,combinatorics is an area of mathematics primarily concerned with counting both as a means and an end in obtaining results,summary of combinatorics
Graph theory is the study of graphs which are mathematical structures used to model pairwise relations between objects.,Summary of Graph Theory.,Math,Graph Theory,graph theory is the study of graphs which are mathematical structures used to model pairwise relations between objects,summary of graph theory
Logic is the systematic study of the form of valid inference and the most general laws of truth.,Summary of Logic.,Math,Logic,logic is the systematic study of the form of valid inference and the most general laws of truth,summary of logic
Set theory is the branch of mathematical logic that studies sets which can be informally described as collections of objects.,Summary of Set Theory.,Math,Set Theory,set theory is the branch of mathematical logic that studies sets which can be informally described as collections of objects,summary of set theory
The American Civil War was a civil war in the United States from 1861 to 1865.,Summary of American Civil War.,History,American Civil War,the american civil war was a civil war in the united states from 1861 to 1865,summary of american civil war
The Great Depression was a severe worldwide economic depression that took place feverishly during the 1930s.,Summary of Great Depression.,History,Great Depression,the great depression was a severe worldwide economic depression that took place feverishly during the 1930s,summary of great depression
Feudalism was the dominant social system in medieval Europe.,Summary of Feudalism.,History,Feudalism,feudalism was the dominant social system in medieval europe,summary of feudalism
The Enlightenment was an intellectual and philosophical movement that dominated the world of ideas in Europe during the 17th and 18th centuries.,Summary of Enlightenment.,History,Enlightenment,the enlightenment was an intellectual and philosophical movement that dominated the world of ideas in europe during the 17th and 18th centuries,summary of enlightenment
The fall of the Western Roman Empire was the process of decline in the Western Roman Empire in which the Empire failed to enforce its rule.,Summary of Fall of Rome.,History,Fall of Rome,the fall of the western roman empire was the process of decline in the western roman empire in which the empire failed to enforce its rule,summary of fall of rome
The Mongol Empire existed during the 13th and 14th centuries and was the largest contiguous land empire in history.,Summary of Mongol Empire.,History,Mongol Empire,the mongol empire existed during the 13th and 14th centuries and was the largest contiguous land empire in history,summary of mongol empire
The Victorian era was the period of Queen Victoria's reign from 20 June 1837 until her death on 22 January 1901.,Summary of Victorian Era.,History,Victorian Era,the victorian era was the period of queen victorias reign from 20 june 1837 until her death on 22 january 1901,summary of victorian era
The Space Race was a 20th-century competition between two Cold War rivals the Soviet Union and the United States to achieve firsts in spaceflight capability.,Summary of Space Race.,History,Space Race,the space race was a 20thcentury competition between two cold war rivals the soviet union and the united states to achieve firsts in spaceflight capability,summary of space race
Apartheid was a system of institutionalised racial segregation that existed in South Africa and South West Africa from 1948 until the early 1990s.,Summary of Apartheid.,History,Apartheid,apartheid was a system of institutionalised racial segregation that existed in south africa and south west africa from 1948 until the early 1990s,summary of apartheid
The Scientific Revolution was a series of events that marked the emergence of modern science during the early modern period.,Summary of Scientific Revolution.,History,Scientific Revolution,the scientific revolution was a series of events that marked the emergence of modern science during the early modern period,summary of scientific revolution
Keynesian economics consists of various macroeconomic theories about how in the short run and especially during recessions economic output is strongly influenced by aggregate demand.,Summary of Keynesian Economics.,Economics,Keynesian Economics,keynesian economics consists of various macroeconomic theories about how in the short run and especially during recessions economic output is strongly influenced by aggregate demand,summary of keynesian economics
Monopolistic competition is a type of imperfect competition such that there are many producers competing against each other but selling products that are differentiated from one another.,Summary of Monopolistic Competition.,Economics,Monopolistic Competition,monopolistic competition is a type of imperfect competition such that there are many producers competing against each other but selling products that are differentiated from one another,summary of monopolistic competition
Oligopoly is a market form wherein a market or industry is dominated by a small group of large sellers.,Summary of Oligopoly.,Economics,Oligopoly,oligopoly is a market form wherein a market or industry is dominated by a small group of large sellers,summary of oligopoly
Gross Domestic Product (GDP) is a monetary measure of the market value of all the final goods and services produced in a specific time period.,Summary of GDP.,Economics,GDP,gross domestic product gdp is a monetary measure of the market value of all the final goods and services produced in a specific time period,summary of gdp
Fiscal policy is the use of government revenue collection and expenditure to influence a country's economy.,Summary of Fiscal Policy.,Economics,Fiscal Policy,fiscal policy is the use of government revenue collection and expenditure to influence a countrys economy,summary of fiscal policy
Monetary policy is the policy adopted by the monetary authority of a country that controls the interest rate payable on very short-term borrowing or the money supply.,Summary of Monetary Policy.,Economics,Monetary Policy,monetary policy is the policy adopted by the monetary authority of a country that controls the interest rate payable on very shortterm borrowing or the money supply,summary of monetary policy
International trade is the exchange of capital goods and services across international borders or territories.,Summary of International Trade.,Economics,International Trade,international trade is the exchange of capital goods and services across international borders or territories,summary of international trade
Behavioral economics studies the effects of psychological cognitive emotional cultural and social factors on the decisions of individuals and institutions.,Summary of Behavioral Economics.,Economics,Behavioral Economics,behavioral economics studies the effects of psychological cognitive emotional cultural and social factors on the decisions of individuals and institutions,summary of behavioral economics
Development economics is a branch of economics which deals with economic aspects of the development process in low-income countries.,Summary of Development Economics.,Economics,Development Economics,development economics is a branch of economics which deals with economic aspects of the development process in lowincome countries,summary of development economics
Labor economics seeks to understand the functioning and dynamics of the markets for wage labor.,Summary of Labor Economics.,Economics,Labor Economics,labor economics seeks to understand the functioning and dynamics of the markets for wage labor,summary of labor economics
Social psychology is the scientific study of how the thoughts feelings and behaviors of individuals are influenced by the actual imagined or implied presence of others.,Summary of Social Psychology.,Psychology,Social Psychology,social psychology is the scientific study of how the thoughts feelings and behaviors of individuals are influenced by the actual imagined or implied presence of others,summary of social psychology
Developmental psychology is the scientific study of how and why human beings change over the course of their life.,Summary of Developmental Psychology.,Psychology,Developmental Psychology,developmental psychology is the scientific study of how and why human beings change over the course of their life,summary of developmental psychology
Abnormal psychology is the branch of psychology that studies unusual patterns of behavior emotion and thought which may or may not be understood as precipitating a mental disorder.,Summary of Abnormal Psychology.,Psychology,Abnormal Psychology,abnormal psychology is the branch of psychology that studies unusual patterns of behavior emotion and thought which may or may not be understood as precipitating a mental disorder,summary of abnormal psychology
Personality psychology is a branch of psychology that studies personality and its variation among individuals.,Summary of Personality Psychology.,Psychology,Personality Psychology,personality psychology is a branch of psychology that studies personality and its variation among individuals,summary of personality psychology
Neuropsychology is a branch of psychology that is concerned with how the brain and the rest of the nervous system influence a person's cognition and behaviors.,Summary of Neuropsychology.,Psychology,Neuropsychology,neuropsychology is a branch of psychology that is concerned with how the brain and the rest of the nervous system influence a person's cognition and behaviors,summary of neuropsychology
Forensic psychology involves the application of psychological knowledge and methods to civil and criminal legal questions.,Summary of Forensic Psychology.,Psychology,Forensic Psychology,forensic psychology involves the application of psychological knowledge and methods to civil and criminal legal questions,summary of forensic psychology
Educational psychology is the branch of psychology concerned with the scientific study of human learning.,Summary of Educational Psychology.,Psychology,Educational Psychology,educational psychology is the branch of psychology concerned with the scientific study of human learning,summary of educational psychology
Industrial and organizational psychology is the scientific study of human behavior in organisms and the workplace.,Summary of I/O Psychology.,Psychology,IO Psychology,industrial and organizational psychology is the scientific study of human behavior in organisms and the workplace,summary of io psychology
Health psychology is the study of psychological and behavioral processes in health illness and healthcare.,Summary of Health Psychology.,Psychology,Health Psychology,health psychology is the study of psychological and behavioral processes in health illness and healthcare,summary of health psychology
Baroque art is a style of architecture music dance painting sculpture and other arts that flourished in Europe from the early 17th century until the 1740s.,Summary of Baroque Art.,Art,Baroque Art,baroque art is a style of architecture music dance painting sculpture and other arts that flourished in europe from the early 17th century until the 1740s,summary of baroque art
Romanticism was an artistic literary musical and intellectual movement that originated in Europe towards the end of the 18th century.,Summary of Romanticism.,Art,Romanticism,romanticism was an artistic literary musical and intellectual movement that originated in europe towards the end of the 18th century,summary of romanticism
Realism in the arts is the attempt to represent subject matter truthfully without artificiality and avoiding artistic conventions.,Summary of Realism.,Art,Realism,realism in the arts is the attempt to represent subject matter truthfully without artificiality and avoiding artistic conventions,summary of realism
Expressionism was a modernist movement initially in poetry and painting originating in Germany at the beginning of the 20th century.,Summary of Expressionism.,Art,Expressionism,expressionism was a modernist movement initially in poetry and painting originating in germany at the beginning of the 20th century,summary of expressionism
Abstract expressionism is a postWorld War II art movement in American painting developed in New York in the 1940s.,Summary of Abstract Expressionism.,Art,Abstract Expressionism,abstract expressionism is a postworld war ii art movement in american painting developed in new york in the 1940s,summary of abstract expressionism
Minimalism describes movements in various forms of art and design especially visual art and music where the work is set out to expose the essence essentials or identity of a subject through eliminating all non-essential forms features or concepts.,Summary of Minimalism.,Art,Minimalism,minimalism describes movements in various forms of art and design especially visual art and music where the work is set out to expose the essence essentials or identity of a subject through eliminating all nonessential forms features or concepts,summary of minimalism
Contemporary art is the art of today produced in the second half of the 20th century or in the 21st century.,Summary of Contemporary Art.,Art,Contemporary Art,contemporary art is the art of today produced in the second half of the 20th century or in the 21st century,summary of contemporary art
Art Deco is a style of visual arts and decoration making its debut in France just before World War I.,Summary of Art Deco.,Art,Art Deco,art deco is a style of visual arts and decoration making its debut in france just before world war i,summary of art deco
Dada was an art movement of the European avant-garde in the early 20th century with early centers in Zürich Switzerland and New York City.,Summary of Dada.,Art,Dada,dada was an art movement of the european avantgarde in the early 20th century with early centers in zrich switzerland and new york city,summary of dada
Fauvism is the style of les Fauves a group of early 20th-century modern artists whose works emphasized painterly qualities and strong color over the representational or realistic values retained by Impressionism.,Summary of Fauvism.,Art,Fauvism,fauvism is the style of les fauves a group of early 20thcentury modern artists whose works emphasized painterly qualities and strong color over the representational or realistic values retained by impressionism,summary of fauvism
Machine learning is a field of inquiry devoted to understanding and building methods that 'learn' that is methods that leverage data to improve performance on some set of tasks.,Summary of Machine Learning.,Computer Science,Machine Learning,machine learning is a field of inquiry devoted to understanding and building methods that learn that is methods that leverage data to improve performance on some set of tasks,summary of machine learning
Operating systems are system software that manages computer hardware software resources and provides common services for computer programs.,Summary of Operating Systems.,Computer Science,Operating Systems,operating systems are system software that manages computer hardware software resources and provides common services for computer programs,summary of operating systems
Databases are an organized collection of data generally stored and accessed electronically from a computer system.,Summary of Databases.,Computer Science,Databases,databases are an organized collection of data generally stored and accessed electronically from a computer system,summary of databases
Computer networks are a set of computers sharing resources located on or provided by network nodes.,Summary of Computer Networks.,Computer Science,Computer Networks,computer networks are a set of computers sharing resources located on or provided by network nodes,summary of computer networks
Cybersecurity is the practice of protecting systems networks and programs from digital attacks.,Summary of Cybersecurity.,Computer Science,Cybersecurity,cybersecurity is the practice of protecting systems networks and programs from digital attacks,summary of cybersecurity
Software engineering is the systematic application of engineering approaches to the development of software.,Summary of Software Engineering.,Computer Science,Software Engineering,software engineering is the systematic application of engineering approaches to the development of software,summary of software engineering
Cloud computing is the on-demand availability of computer system resources especially data storage and computing power without direct active management by the user.,Summary of Cloud Computing.,Computer Science,Cloud Computing,cloud computing is the ondemand availability of computer system resources especially data storage and computing power without direct active management by the user,summary of cloud computing
Theory of computation is a branch that deals with how efficiently problems can be solved on a model of computation using an algorithm.,Summary of Theory of Computation.,Computer Science,Theory of Computation,theory of computation is a branch that deals with how efficiently problems can be solved on a model of computation using an algorithm,summary of theory of computation
Human-computer interaction is a multidisciplinary field of study focusing on the design of computer technology and the interaction between humans and computers.,Summary of HCI.,Computer Science,HCI,humancomputer interaction is a multidisciplinary field of study focusing on the design of computer technology and the interaction between humans and computers,summary of hci
Computer graphics is a branch of computer science that deals with generating images with the aid of computers.,Summary of Computer Graphics.,Computer Science,Computer Graphics,computer graphics is a branch of computer science that deals with generating images with the aid of computers,summary of computer graphics
Poetry is a form of literature that uses aesthetic and rhythmic qualities of language to evoke meanings in addition to or in place of the prosaic ostensible meaning.,Summary of Poetry.,Literature,Poetry,poetry is a form of literature that uses aesthetic and rhythmic qualities of language to evoke meanings in addition to or in place of the prosaic ostensible meaning,summary of poetry
Drama is the specific mode of fiction represented in performance: a play opera mime ballet etc performed in a theatre or on radio or television.,Summary of Drama.,Literature,Drama,drama is the specific mode of fiction represented in performance a play opera mime ballet etc performed in a theatre or on radio or television,summary of drama
Non-fiction is any document or media entity that attempts in good faith to convey information only about the real world rather than being grounded in imagination.,Summary of Non-fiction.,Literature,Non-fiction,nonfiction is any document or media entity that attempts in good faith to convey information only about the real world rather than being grounded in imagination,summary of nonfiction
Science fiction is a genre of speculative fiction that typically deals with imaginative and futuristic concepts such as advanced science and technology.,Summary of Science Fiction.,Literature,Science Fiction,science fiction is a genre of speculative fiction that typically deals with imaginative and futuristic concepts such as advanced science and technology,summary of science fiction
Fantasy is a genre of speculative fiction involving magical elements typically set in a fictional universe and sometimes inspired by mythology and folklore.,Summary of Fantasy.,Literature,Fantasy,fantasy is a genre of speculative fiction involving magical elements typically set in a fictional universe and sometimes inspired by mythology and folklore,summary of fantasy
Mystery is a fiction genre where the nature of an event usually a murder or other crime remains mysterious until the end of the story.,Summary of Mystery.,Literature,Mystery,mystery is a fiction genre where the nature of an event usually a murder or other crime remains mysterious until the end of the story,summary of mystery
Thriller is a genre of fiction having numerous overlapping subgenres.,Summary of Thriller.,Literature,Thriller,thriller is a genre of fiction having numerous overlapping subgenres,summary of thriller
Horror is a genre of speculative fiction which is intended to frighten scare or disgust.,Summary of Horror.,Literature,Horror,horror is a genre of speculative fiction which is intended to frighten scare or disgust,summary of horror
Satire is a genre of literature and performing arts usually in the form of fiction and less frequently non-fiction in which vices follies abuses and shortcomings are held up to ridicule.,Summary of Satire.,Literature,Satire,satire is a genre of literature and performing arts usually in the form of fiction and less frequently nonfiction in which vices follies abuses and shortcomings are held up to ridicule,summary of satire
Biography is a detailed description of a person's life.,Summary of Biography.,Literature,Biography,biography is a detailed description of a person's life,summary of biography
"Clinical psychology is an integration of science, theory, and clinical knowledge for the purpose of understanding, preventing, and establishing psychologically-based distress.",Summary of Clinical Psychology.,Psychology,Clinical Psychology,clinical psychology is an integration of science theory and clinical knowledge for the purpose of understanding preventing and establishing psychologicallybased distress,summary of clinical psychology
The heart pumps blood in the body.,Summary of Human Body (Easy).,Science,Human Body,the heart pumps blood in the body,summary of human body easy
"The human heart is a muscular organ that circulates blood through the body by contracting rhythmically, supplying oxygen and nutrients while removing waste products.",Summary of Human Body (Medium).,Science,Human Body,the human heart is a muscular organ that circulates blood through the body by contracting rhythmically supplying oxygen and nutrients while removing waste products,summary of human body medium
Plants make food using sunlight.,Summary of Photosynthesis (Easy).,Science,Photosynthesis,plants make food using sunlight,summary of photosynthesis easy
"Photosynthesis is a biochemical process in which green plants use sunlight, carbon dioxide, and water to produce glucose and oxygen using chlorophyll.",Summary of Photosynthesis (Medium).,Science,Photosynthesis,photosynthesis is a biochemical process in which green plants use sunlight carbon dioxide and water to produce glucose and oxygen using chlorophyll,summary of photosynthesis medium
Matter has mass and takes up space.,Summary of Matter (Easy).,Science,Matter,matter has mass and takes up space,summary of matter easy
"Matter is anything that has mass and occupies space, and it exists in different states such as solid, liquid, gas, and plasma.",Summary of Matter (Medium).,Science,Matter,matter is anything that has mass and occupies space and it exists in different states such as solid liquid gas and plasma,summary of matter medium
Energy helps things move and work.,Summary of Energy (Easy).,Science,Energy,energy helps things move and work,summary of energy easy
"Energy is the capacity to do work and exists in various forms such as kinetic, potential, thermal, electrical, and chemical energy.",Summary of Energy (Medium).,Science,Energy,energy is the capacity to do work and exists in various forms such as kinetic potential thermal electrical and chemical energy,summary of energy medium
Sound is something we hear.,Summary of Sound (Easy).,Science,Sound,sound is something we hear,summary of sound easy
"Sound is a form of energy produced by vibrations that travel through a medium such as air, liquid, or solid as sound waves.",Summary of Sound (Medium).,Science,Sound,sound is a form of energy produced by vibrations that travel through a medium such as air liquid or solid as sound waves,summary of sound medium
Light helps us see objects.,Summary of Light (Easy).,Science,Light,light helps us see objects,summary of light easy
Light is a form of electromagnetic radiation that travels in waves and allows vision by reflecting off objects and entering the eyes.,Summary of Light (Medium).,Science,Light,light is a form of electromagnetic radiation that travels in waves and allows vision by reflecting off objects and entering the eyes,summary of light medium
A fraction shows a part of a whole.,Summary of Fractions (Easy).,Math,Fractions,a fraction shows a part of a whole,summary of fractions easy
"Fractions represent numbers that describe a ratio of two integers, consisting of a numerator and a denominator.",Summary of Fractions (Medium).,Math,Fractions,fractions represent numbers that describe a ratio of two integers consisting of a numerator and a denominator,summary of fractions medium
Decimals are another way to show parts of a number.,Summary of Decimals (Easy).,Math,Decimals,decimals are another way to show parts of a number,summary of decimals easy
Decimals represent fractions whose denominators are powers of ten and are used extensively in measurements and calculations.,Summary of Decimals (Medium).,Math,Decimals,decimals represent fractions whose denominators are powers of ten and are used extensively in measurements and calculations,summary of decimals medium
Probability tells how likely something is to happen.,Summary of Probability (Easy).,Math,Probability,probability tells how likely something is to happen,summary of probability easy
"Probability is a branch of mathematics that measures the likelihood of an event occurring, expressed as a number between 0 and 1.",Summary of Probability (Medium).,Math,Probability,probability is a branch of mathematics that measures the likelihood of an event occurring expressed as a number between 0 and 1,summary of probability medium
The Cold War was a conflict without direct fighting.,Summary of Cold War (Easy).,History,Cold War,the cold war was a conflict without direct fighting,summary of cold war easy
"The Cold War was a period of geopolitical tension between the United States and the Soviet Union marked by ideological rivalry, nuclear arms buildup, and proxy wars.",Summary of Cold War (Medium).,History,Cold War,the cold war was a period of geopolitical tension between the united states and the soviet union marked by ideological rivalry nuclear arms buildup and proxy wars,summary of cold war medium
The Indus Valley Civilization was an ancient society.,Summary of Indus Valley Civilization (Easy).,History,Indus Valley Civilization,the indus valley civilization was an ancient society,summary of indus valley civilization easy
"The Indus Valley Civilization was one of the world’s earliest urban cultures, known for planned cities, advanced drainage systems, and trade networks.",Summary of Indus Valley Civilization (Medium).,History,Indus Valley Civilization,the indus valley civilization was one of the worlds earliest urban cultures known for planned cities advanced drainage systems and trade networks,summary of indus valley civilization medium
America became independent from Britain.,Summary of American Independence (Easy).,History,American Independence,america became independent from britain,summary of american independence easy
"The American Revolution was a political movement in which the Thirteen Colonies broke free from British rule, leading to the formation of the United States.",Summary of American Independence (Medium).,History,American Independence,the american revolution was a political movement in which the thirteen colonies broke free from british rule leading to the formation of the united states,summary of american independence medium
Banks keep and lend money.,Summary of Banking (Easy).,Economics,Banking,banks keep and lend money,summary of banking easy
"Banks are financial institutions that accept deposits, provide loans, facilitate transactions, and support economic activity.",Summary of Banking (Medium).,Economics,Banking,banks are financial institutions that accept deposits provide loans facilitate transactions and support economic activity,summary of banking medium
GDP shows how big an economy is.,Summary of GDP (Easy).,Economics,GDP,gdp shows how big an economy is,summary of gdp easy
Gross Domestic Product (GDP) measures the total value of all goods and services produced within a country during a specific time period.,Summary of GDP (Medium).,Economics,GDP,gross domestic product gdp measures the total value of all goods and services produced within a country during a specific time period,summary of gdp medium
Unemployment means people do not have jobs.,Summary of Unemployment (Easy).,Economics,Unemployment,unemployment means people do not have jobs,summary of unemployment easy
Unemployment refers to the condition in which individuals who are willing and able to work cannot find employment.,Summary of Unemployment (Medium).,Economics,Unemployment,unemployment refers to the condition in which individuals who are willing and able to work cannot find employment,summary of unemployment medium
Emotions affect how we feel.,Summary of Emotions (Easy).,Psychology,Emotions,emotions affect how we feel,summary of emotions easy
"Emotions are complex psychological states involving subjective feelings, physiological responses, and behavioral expressions.",Summary of Emotions (Medium).,Psychology,Emotions,emotions are complex psychological states involving subjective feelings physiological responses and behavioral expressions,summary of emotions medium
Learning helps us gain knowledge.,Summary of Learning (Easy).,Psychology,Learning,learning helps us gain knowledge,summary of learning easy
Learning is a process through which experience leads to relatively permanent changes in behavior or knowledge.,Summary of Learning (Medium).,Psychology,Learning,learning is a process through which experience leads to relatively permanent changes in behavior or knowledge,summary of learning medium
Personality makes people different.,Summary of Personality (Easy).,Psychology,Personality,personality makes people different,summary of personality easy
"Personality refers to the enduring patterns of thoughts, feelings, and behaviors that distinguish individuals from one another.",Summary of Personality (Medium).,Psychology,Personality,personality refers to the enduring patterns of thoughts feelings and behaviors that distinguish individuals from one another,summary of personality medium
Sculptures are three-dimensional artworks.,Summary of Sculpture (Easy).,Art,Sculpture,sculptures are threedimensional artworks,summary of sculpture easy
"Sculpture is a form of visual art that involves shaping materials such as stone, metal, or clay into three-dimensional forms.",Summary of Sculpture (Medium).,Art,Sculpture,sculpture is a form of visual art that involves shaping materials such as stone metal or clay into threedimensional forms,summary of sculpture medium
Abstract art does not look realistic.,Summary of Abstract Art (Easy).,Art,Abstract Art,abstract art does not look realistic,summary of abstract art easy
"Abstract art uses shapes, colors, and forms to represent ideas or emotions rather than realistic images.",Summary of Abstract Art (Medium).,Art,Abstract Art,abstract art uses shapes colors and forms to represent ideas or emotions rather than realistic images,summary of abstract art medium
Photography captures moments using a camera.,Summary of Photography (Easy).,Art,Photography,photography captures moments using a camera,summary of photography easy
Photography is the art and technique of creating images by capturing light with a camera through digital or chemical processes.,Summary of Photography (Medium).,Art,Photography,photography is the art and technique of creating images by capturing light with a camera through digital or chemical processes,summary of photography medium
The sun is a star.,Summary of Astronomy (Easy).,Science,Astronomy,the sun is a star,summary of astronomy easy
The Sun is a G-type main-sequence star that constitutes about 99.86% of the mass of the Solar System and provides the energy that sustains life on Earth.,Summary of Astronomy (Medium).,Science,Astronomy,the sun is a gtype mainsequence star that constitutes about 9986 of the mass of the solar system and provides the energy that sustains life on earth,summary of astronomy medium
Rocks are made of minerals.,Summary of Geology (Easy).,Science,Geology,rocks are made of minerals,summary of geology easy
"Geology is the earth science concerned with the solid Earth, the rocks of which it is composed, and the processes by which they change over time.",Summary of Geology (Medium).,Science,Geology,geology is the earth science concerned with the solid earth the rocks of which it is composed and the processes by which they change over time,summary of geology medium
Living things rely on each other in nature.,Summary of Ecosystems (Easy).,Science,Ecosystems,living things rely on each other in nature,summary of ecosystems easy
"An ecosystem is a community of living organisms in conjunction with the nonliving components of their environment, interacting as a system.",Summary of Ecosystems (Medium).,Science,Ecosystems,an ecosystem is a community of living organisms in conjunction with the nonliving components of their environment interacting as a system,summary of ecosystems medium
DNA holds instructions for life.,Summary of Genetics (Easy).,Science,Genetics,dna holds instructions for life,summary of genetics easy
"Genetics is the study of genes, genetic variation, and heredity in organisms, focusing on how traits are passed from parents to offspring.",Summary of Genetics (Medium).,Science,Genetics,genetics is the study of genes genetic variation and heredity in organisms focusing on how traits are passed from parents to offspring,summary of genetics medium
Heat moves from hot to cold.,Summary of Thermodynamics (Easy).,Science,Thermodynamics,heat moves from hot to cold,summary of thermodynamics easy
"Thermodynamics is a branch of physics that deals with heat, work, and temperature, and their relation to energy, entropy, and the physical properties of matter.",Summary of Thermodynamics (Medium).,Science,Thermodynamics,thermodynamics is a branch of physics that deals with heat work and temperature and their relation to energy entropy and the physical properties of matter,summary of thermodynamics medium
Electricity powers our lights.,Summary of Electricity (Easy).,Science,Electricity,electricity powers our lights,summary of electricity easy
Electricity is the set of physical phenomena associated with the presence and motion of matter that has a property of electric charge.,Summary of Electricity (Medium).,Science,Electricity,electricity is the set of physical phenomena associated with the presence and motion of matter that has a property of electric charge,summary of electricity medium
Magnets attract iron.,Summary of Magnetism (Easy).,Science,Magnetism,magnets attract iron,summary of magnetism easy
"Magnetism is a class of physical phenomena that are mediated by magnetic fields, resulting in attractive or repulsive forces between material objects.",Summary of Magnetism (Medium).,Science,Magnetism,magnetism is a class of physical phenomena that are mediated by magnetic fields resulting in attractive or repulsive forces between material objects,summary of magnetism medium
Statistics helps us understand data.,Summary of Statistics (Easy).,Math,Statistics,statistics helps us understand data,summary of statistics easy
"Statistics is the discipline that concerns the collection, organization, analysis, interpretation, and presentation of data.",Summary of Statistics (Medium).,Math,Statistics,statistics is the discipline that concerns the collection organization analysis interpretation and presentation of data,summary of statistics medium
Arithmetic is adding and subtracting numbers.,Summary of Arithmetic (Easy).,Math,Arithmetic,arithmetic is adding and subtracting numbers,summary of arithmetic easy
"Arithmetic is a branch of mathematics that consists of the study of numbers, especially the properties of the traditional operations on them—addition, subtraction, multiplication, division, exponentiation, and extraction of roots.",Summary of Arithmetic (Medium).,Math,Arithmetic,arithmetic is a branch of mathematics that consists of the study of numbers especially the properties of the traditional operations on themaddition subtraction multiplication division exponentiation and extraction of roots,summary of arithmetic medium
A circle is round.,Summary of Geometry (Circles) (Easy).,Math,Geometry (Circles),a circle is round,summary of geometry circles easy
"A circle is a shape consisting of all points in a plane that are at a given distance from a given point, the centre.",Summary of Geometry (Circles) (Medium).,Math,Geometry (Circles),a circle is a shape consisting of all points in a plane that are at a given distance from a given point the centre,summary of geometry circles medium
Equations can show lines on a graph.,Summary of Linear Equations (Easy).,Math,Linear Equations,equations can show lines on a graph,summary of linear equations easy
"In mathematics, a linear equation is an equation that may be put in the form where the variables function is a straight line.",Summary of Linear Equations (Medium).,Math,Linear Equations,in mathematics a linear equation is an equation that may be put in the form where the variables function is a straight line,summary of linear equations medium
Calculus studies change.,Summary of Calculus (Easy).,Math,Calculus,calculus studies change,summary of calculus easy
Ancient Egypt had pyramids.,Summary of Ancient Egypt (Easy).,History,Ancient Egypt,ancient egypt had pyramids,summary of ancient egypt easy
"Ancient Egypt was a civilization of ancient North Africa, concentrated along the lower reaches of the Nile River, known for its pharaohs, pyramids, and hieroglyphs.",Summary of Ancient Egypt (Medium).,History,Ancient Egypt,ancient egypt was a civilization of ancient north africa concentrated along the lower reaches of the nile river known for its pharaohs pyramids and hieroglyphs,summary of ancient egypt medium
The French Revolution changed how France was ruled.,Summary of French Revolution (Easy).,History,French Revolution,the french revolution changed how france was ruled,summary of french revolution easy
The French Revolution was a period of far-reaching social and political upheaval in France and its colonies beginning in 1789 and ending in 1799.,Summary of French Revolution (Medium).,History,French Revolution,the french revolution was a period of farreaching social and political upheaval in france and its colonies beginning in 1789 and ending in 1799,summary of french revolution medium
Machines started doing more work during the Industrial Revolution.,Summary of Industrial Revolution (Easy).,History,Industrial Revolution,machines started doing more work during the industrial revolution,summary of industrial revolution easy
"The Industrial Revolution was the transition to new manufacturing processes in Great Britain, continental Europe, and the United States, in the period from about 1760 to sometime between 1820 and 1840.",Summary of Industrial Revolution (Medium).,History,Industrial Revolution,the industrial revolution was the transition to new manufacturing processes in great britain continental europe and the united states in the period from about 1760 to sometime between 1820 and 1840,summary of industrial revolution medium
Vikings were explorers from the north.,Summary of The Vikings (Easy).,History,The Vikings,vikings were explorers from the north,summary of the vikings easy
"Vikings were the seafaring Norse people from southern Scandinavia who pirated, traded, raided, and settled in parts of Europe from the late 8th to late 11th centuries.",Summary of The Vikings (Medium).,History,The Vikings,vikings were the seafaring norse people from southern scandinavia who pirated traded raided and settled in parts of europe from the late 8th to late 11th centuries,summary of the vikings medium
The Renaissance was a rebirth of learning.,Summary of Renaissance History (Easy).,History,Renaissance History,the renaissance was a rebirth of learning,summary of renaissance history easy
"The Renaissance was a fervent period of European cultural, artistic, political, and economic 'rebirth' following the Middle Ages.",Summary of Renaissance History (Medium).,History,Renaissance History,the renaissance was a fervent period of european cultural artistic political and economic rebirth following the middle ages,summary of renaissance history medium
Investing is using money to make more money.,Summary of Investment (Easy).,Economics,Investment,investing is using money to make more money,summary of investment easy
"Investment is the dedication of an asset to attain an increase in value over a period of time, such as purchasing stocks or real estate.",Summary of Investment (Medium).,Economics,Investment,investment is the dedication of an asset to attain an increase in value over a period of time such as purchasing stocks or real estate,summary of investment medium
People pay taxes to the government.,Summary of Taxes (Easy).,Economics,Taxes,people pay taxes to the government,summary of taxes easy
A tax is a compulsory financial charge or some other type of levy imposed on a taxpayer by a governmental organization in order to fund government spending and various public expenditures.,Summary of Taxes (Medium).,Economics,Taxes,a tax is a compulsory financial charge or some other type of levy imposed on a taxpayer by a governmental organization in order to fund government spending and various public expenditures,summary of taxes medium
Countries buy and sell things from each other.,Summary of Global Trade (Easy).,Economics,Global Trade,countries buy and sell things from each other,summary of global trade easy
"International trade is the exchange of capital, goods, and services across international borders or territories, allowing for new markets and products.",Summary of Global Trade (Medium).,Economics,Global Trade,international trade is the exchange of capital goods and services across international borders or territories allowing for new markets and products,summary of global trade medium
Cryptocurrency is digital money.,Summary of Cryptocurrency (Easy).,Economics,Cryptocurrency,cryptocurrency is digital money,summary of cryptocurrency easy
"A cryptocurrency is a digital or virtual currency that is secured by cryptography, which makes it nearly impossible to counterfeit or double-spend.",Summary of Cryptocurrency (Medium).,Economics,Cryptocurrency,a cryptocurrency is a digital or virtual currency that is secured by cryptography which makes it nearly impossible to counterfeit or doublespend,summary of cryptocurrency medium
Microeconomics looks at individual choices.,Summary of Microeconomics (Easy).,Economics,Microeconomics,microeconomics looks at individual choices,summary of microeconomics easy
Microeconomics is a branch of economics that studies the behavior of individuals and firms in making decisions regarding the allocation of scarce resources and the interactions among these individuals and firms.,Summary of Microeconomics (Medium).,Economics,Microeconomics,microeconomics is a branch of economics that studies the behavior of individuals and firms in making decisions regarding the allocation of scarce resources and the interactions among these individuals and firms,summary of microeconomics medium
Memory is how we remember things.,Summary of Memory (Easy).,Psychology,Memory,memory is how we remember things,summary of memory easy
"Memory is the faculty of the brain by which data or information is encoded, stored, and retrieved when needed.",Summary of Memory (Medium).,Psychology,Memory,memory is the faculty of the brain by which data or information is encoded stored and retrieved when needed,summary of memory medium
Social psychology studies how people act in groups.,Summary of Social Psychology (Easy).,Psychology,Social Psychology,social psychology studies how people act in groups,summary of social psychology easy
"Social psychology is the scientific study of how the thoughts, feelings, and behaviors of individuals are influenced by the actual, imagined, and implied presence of others.",Summary of Social Psychology (Medium).,Psychology,Social Psychology,social psychology is the scientific study of how the thoughts feelings and behaviors of individuals are influenced by the actual imagined and implied presence of others,summary of social psychology medium
Development is how people grow and change.,Summary of Development (Easy).,Psychology,Development,development is how people grow and change,summary of development easy
"Developmental psychology is the scientific study of how and why human beings change over the course of their life, from infancy to old age.",Summary of Development (Medium).,Psychology,Development,developmental psychology is the scientific study of how and why human beings change over the course of their life from infancy to old age,summary of development medium
Motivation is why we do things.,Summary of Motivation (Easy).,Psychology,Motivation,motivation is why we do things,summary of motivation easy
"Motivation is the process that initiates, guides, and maintains goal-oriented behaviors, involving the biological, emotional, social, and cognitive forces that activate behavior.",Summary of Motivation (Medium).,Psychology,Motivation,motivation is the process that initiates guides and maintains goaloriented behaviors involving the biological emotional social and cognitive forces that activate behavior,summary of motivation medium
Perception is how we see the world.,Summary of Perception (Easy).,Psychology,Perception,perception is how we see the world,summary of perception easy
"Perception is the organization, identification, and interpretation of sensory information in order to represent and understand the presented information or the environment.",Summary of Perception (Medium).,Psychology,Perception,perception is the organization identification and interpretation of sensory information in order to represent and understand the presented information or the environment,summary of perception medium
Architecture is designing buildings.,Summary of Architecture (Easy).,Art,Architecture,architecture is designing buildings,summary of architecture easy
"Architecture is the art and technique of designing and building, as distinguished from the skills associated with construction.",Summary of Architecture (Medium).,Art,Architecture,architecture is the art and technique of designing and building as distinguished from the skills associated with construction,summary of architecture medium
Modern art is art from recent times.,Summary of Modern Art (Easy).,Art,Modern Art,modern art is art from recent times,summary of modern art easy
"Modern art includes artistic work produced during the period extending roughly from the 1860s to the 1970s, and denotes the styles and philosophies of the art produced during that era.",Summary of Modern Art (Medium).,Art,Modern Art,modern art includes artistic work produced during the period extending roughly from the 1860s to the 1970s and denotes the styles and philosophies of the art produced during that era,summary of modern art medium
Cinema is the art of movies.,Summary of Cinema (Easy).,Art,Cinema,cinema is the art of movies,summary of cinema easy
"Cinema, or motion picture, is the art of simulating experiences to communicate ideas, stories, perceptions, feelings, beauty, or atmosphere through the use of moving images.",Summary of Cinema (Medium).,Art,Cinema,cinema or motion picture is the art of simulating experiences to communicate ideas stories perceptions feelings beauty or atmosphere through the use of moving images,summary of cinema medium
Graphic design combines pictures and text.,Summary of Graphic Design (Easy).,Art,Graphic Design,graphic design combines pictures and text,summary of graphic design easy
"Graphic design is the craft of creating visual content to communicate messages, applying visual hierarchy and page layout techniques.",Summary of Graphic Design (Medium).,Art,Graphic Design,graphic design is the craft of creating visual content to communicate messages applying visual hierarchy and page layout techniques,summary of graphic design medium
Pottery is making things from clay.,Summary of Pottery (Easy).,Art,Pottery,pottery is making things from clay,summary of pottery easy
"Pottery is the process and the products of forming vessels and other objects with clay and other ceramic materials, which are fired at high temperatures to give them a hard and durable form.",Summary of Pottery (Medium).,Art,Pottery,pottery is the process and the products of forming vessels and other objects with clay and other ceramic materials which are fired at high temperatures to give them a hard and durable form,summary of pottery medium
